term,job,frequency,normalized
customer service,CustomerSupport,1417,158
customer experience,CustomerSupport,340,37
communication skills,CustomerSupport,297,33
work remotely,CustomerSupport,262,29
fast paced,CustomerSupport,252,28
mci,CustomerSupport,231,25
products services,CustomerSupport,202,22
work environment,CustomerSupport,200,22
job types,CustomerSupport,200,22
team members,CustomerSupport,196,21
problem solving,CustomerSupport,167,18
preferred work,CustomerSupport,165,18
time permanentsalary,CustomerSupport,157,17
opportunity employer,CustomerSupport,152,16
satisfaction,CustomerSupport,149,16
experience customer,CustomerSupport,145,16
join team,CustomerSupport,141,15
attention detail,CustomerSupport,137,15
skills ability,CustomerSupport,134,14
high school,CustomerSupport,131,14
job description,CustomerSupport,130,14
excellent customer,CustomerSupport,129,14
service year,CustomerSupport,129,14
scheduling,CustomerSupport,127,14
receptionist,CustomerSupport,127,14
paced environment,CustomerSupport,125,13
time time,CustomerSupport,124,13
econdary school,CustomerSupport,123,13
job type,CustomerSupport,119,13
microsoft office,CustomerSupport,117,13
policies procedures,CustomerSupport,117,13
team player,CustomerSupport,115,12
discount,CustomerSupport,115,12
careschedule,CustomerSupport,114,12
school diploma,CustomerSupport,114,12
school preferred,CustomerSupport,113,12
ental,CustomerSupport,113,12
selection process,CustomerSupport,111,12
time management,CustomerSupport,110,12
shiftmonday,CustomerSupport,110,12
exceptional customer,CustomerSupport,110,12
id,CustomerSupport,109,12
service experience,CustomerSupport,109,12
preferred experience,CustomerSupport,106,11
paybenefits,CustomerSupport,102,11
interpersonal skills,CustomerSupport,102,11
able work,CustomerSupport,102,11
à la,CustomerSupport,102,11
day day,CustomerSupport,100,11
expectation,CustomerSupport,99,11
outlook,CustomerSupport,96,10
service representative,CustomerSupport,95,10
interview contacted,CustomerSupport,94,10
excellent communication,CustomerSupport,94,10
high level,CustomerSupport,94,10
customer satisfaction,CustomerSupport,93,10
verbal written,CustomerSupport,91,10
service skills,CustomerSupport,91,10
written verbal,CustomerSupport,91,10
canada ’s,CustomerSupport,90,10
multi-task,CustomerSupport,90,10
type timesalary,CustomerSupport,90,10
selected interview,CustomerSupport,89,9
management skills,CustomerSupport,89,9
careextended health,CustomerSupport,87,9
proficiency,CustomerSupport,85,9
pay bonus,CustomerSupport,84,9
years preferred,CustomerSupport,84,9
precaution,CustomerSupport,84,9
monday friday,CustomerSupport,82,9
merchandise,CustomerSupport,82,9
houradditional pay,CustomerSupport,82,9
houradditional,CustomerSupport,82,9
thank applicants,CustomerSupport,81,9
incentive,CustomerSupport,81,9
require accommodation,CustomerSupport,81,9
recruitment selection,CustomerSupport,81,9
careschedule hour,CustomerSupport,79,8
start date,CustomerSupport,78,8
including limited,CustomerSupport,78,8
social media,CustomerSupport,77,8
cashier,CustomerSupport,76,8
written communication,CustomerSupport,75,8
help customers,CustomerSupport,75,8
pricing,CustomerSupport,75,8
organizational skills,CustomerSupport,74,8
accountability,CustomerSupport,74,8
travail,CustomerSupport,74,8
hour shiftday,CustomerSupport,73,8
shiftday,CustomerSupport,73,8
health safety,CustomerSupport,72,8
experience asset,CustomerSupport,71,7
word excel,CustomerSupport,71,7
flexibility,CustomerSupport,70,7
time hours,CustomerSupport,70,7
referral,CustomerSupport,70,7
national origin,CustomerSupport,70,7
required work,CustomerSupport,70,7
year required,CustomerSupport,70,7
vendor,CustomerSupport,69,7
computer skills,CustomerSupport,69,7
ethic,CustomerSupport,69,7
work independently,CustomerSupport,69,7
contact center,CustomerSupport,69,7
hour shiftmonday,CustomerSupport,68,7
carelife,CustomerSupport,67,7
ideal candidate,CustomerSupport,67,7
sales team,CustomerSupport,67,7
perk,CustomerSupport,67,7
hourbenefits,CustomerSupport,67,7
ale,CustomerSupport,67,7
health carelife,CustomerSupport,66,7
duties responsibilities,CustomerSupport,66,7
applicants interest,CustomerSupport,66,7
committed creating,CustomerSupport,66,7
vaccination,CustomerSupport,65,7
team member,CustomerSupport,65,7
duties assigned,CustomerSupport,64,7
ms office,CustomerSupport,64,7
work experience,CustomerSupport,64,7
wealth management,CustomerSupport,63,7
data entry,CustomerSupport,62,6
wellness,CustomerSupport,62,6
human resources,CustomerSupport,62,6
qui,CustomerSupport,62,6
candidates selected,CustomerSupport,61,6
work team,CustomerSupport,61,6
reasonable accommodation,CustomerSupport,61,6
customer needs,CustomerSupport,61,6
teamwork,CustomerSupport,61,6
hourschedule,CustomerSupport,61,6
timely manner,CustomerSupport,60,6
willingness,CustomerSupport,60,6
benefits package,CustomerSupport,59,6
north america,CustomerSupport,59,6
sales service,CustomerSupport,59,6
working environment,CustomerSupport,59,6
inclusive accessible,CustomerSupport,59,6
merchandising,CustomerSupport,59,6
high quality,CustomerSupport,59,6
caredisability,CustomerSupport,59,6
requisition,CustomerSupport,59,6
work home,CustomerSupport,59,6
crm,CustomerSupport,58,6
administrative assistant,CustomerSupport,58,6
phone calls,CustomerSupport,58,6
previous experience,CustomerSupport,58,6
positive attitude,CustomerSupport,58,6
english french,CustomerSupport,58,6
precaution s,CustomerSupport,58,6
committed providing,CustomerSupport,57,6
powerpoint,CustomerSupport,57,6
world class,CustomerSupport,57,6
customer experiences,CustomerSupport,57,6
travailler,CustomerSupport,57,6
accessible environment,CustomerSupport,57,6
cleaning procedures,CustomerSupport,57,6
ay,CustomerSupport,56,6
ental careextended,CustomerSupport,56,6
professional manner,CustomerSupport,56,6
shipment,CustomerSupport,56,6
french english,CustomerSupport,56,6
et les,CustomerSupport,56,6
la clientèle,CustomerSupport,56,6
administrative support,CustomerSupport,55,6
accessibility,CustomerSupport,55,6
solving skills,CustomerSupport,55,6
concierge,CustomerSupport,55,6
recruitment team,CustomerSupport,55,6
customer inquiries,CustomerSupport,54,6
competitive compensation,CustomerSupport,54,6
supplier,CustomerSupport,54,6
payroll,CustomerSupport,54,6
disinfecting cleaning,CustomerSupport,54,6
procedures place,CustomerSupport,54,6
